Workbook

Sheet 2025 Nominal GDP
A1: Year | B1: Flumevale | C1: Lyndrassia | D1: Navaldia | E1: Tarrodan
A2: =soaGDP!A23 -> 2025 | B2: =soaGDP!B23 -> 4671259.3 | C2: =soaGDP!C23 -> 534401.26 | D2: =soaGDP!D23 -> 3779710.3 | E2: =soaGDP!E23 -> 8985370.9

Sheet soaGDP
A1: Year | B1: Flumevale | C1: Lyndrassia | D1: Navaldia | E1: Tarrodan
A2: 2019 | B2: 3306924 | C2: 369632 | D2: 2544348 | E2: 6220904
A3: 2020 | B3: 3313625 | C3: 370374 | D3: 2460436 | E3: 6144435
A4: 2021 | B4: 3691682 | C4: 407195 | D4: 2798390 | E4: 6897267
A5: 2022 | B5: 3963845 | C5: 447382 | D5: 3202171 | E5: 7613398
A6: 2023 | B6: 4197489 | C6: 480201 | D6: 3396363 | E6: 8074053
A7: 2024
A8: 2025
A11: Real GDP (with 2019 as base year, 2019 dollar value)
A12: Year | B12: Flumevale | C12: Lyndrassia | D12: Navaldia | E12: Tarrodan | G12: Index | H12: pi | I12: 1/(1+pi) | J12: (1+pi)
A13: 2019 | B13: =B2 -> 3306924 | C13: =C2 -> 369632 | D13: =D2 -> 2544348 | E13: =E2 -> 6220904 | G13: 0 | H13: 0.015561294 | I13: =1/(1+H13) -> 0.98467715 | J13: =(1+H13) -> 1.0155613
A14: 2020 | B14: =B3*PRODUCT($I$14:OFFSET($I$14,$G13,0)) -> 3289908.8 | C14: =C3*PRODUCT($I$14:OFFSET($I$14,$G13,0)) -> 367723.16 | D14: =D3*PRODUCT($I$14:OFFSET($I$14,$G13,0)) -> 2442826.2 | E14: =E3*PRODUCT($I$14:OFFSET($I$14,$G13,0)) -> 6100458.1 | G14: 1 | H14: 0.0072087825 | I14: =1/(1+H14) -> 0.99284281 | J14: =(1+H14) -> 1.0072088
A15: 2021 | B15: =B4*PRODUCT($I$14:OFFSET($I$14,$G14,0)) -> 3566070.4 | C15: =C4*PRODUCT($I$14:OFFSET($I$14,$G14,0)) -> 393339.96 | D15: =D4*PRODUCT($I$14:OFFSET($I$14,$G14,0)) -> 2703173.2 | E15: =E4*PRODUCT($I$14:OFFSET($I$14,$G14,0)) -> 6662583.6 | G15: 2 | H15: 0.027814787 | I15: =1/(1+H15) -> 0.97293794 | J15: =(1+H15) -> 1.0278148
A16: 2022 | B16: =B5*PRODUCT($I$14:OFFSET($I$14,$G15,0)) -> 3553632.9 | C16: =C5*PRODUCT($I$14:OFFSET($I$14,$G15,0)) -> 401083.14 | D16: =D5*PRODUCT($I$14:OFFSET($I$14,$G15,0)) -> 2870783.3 | E16: =E5*PRODUCT($I$14:OFFSET($I$14,$G15,0)) -> 6825499.3 | G16: 3 | H16: 0.077481297 | I16: =1/(1+H16) -> 0.92809036 | J16: =(1+H16) -> 1.0774813
A17: 2023 | B17: =B6*PRODUCT($I$14:OFFSET($I$14,$G16,0)) -> 3585152.7 | C17: =C6*PRODUCT($I$14:OFFSET($I$14,$G16,0)) -> 410148.53 | D17: =D6*PRODUCT($I$14:OFFSET($I$14,$G16,0)) -> 2900896.3 | E17: =E6*PRODUCT($I$14:OFFSET($I$14,$G16,0)) -> 6896197.5 | G17: 4 | H17: 0.049633775 | I17: =1/(1+H17) -> 0.95271325 | J17: =(1+H17) -> 1.0496338
A18: 2024 | B18: =B17*(1+$F$25) -> 3678719.8 | C18: =C17*(1+$F$25) -> 420852.79 | D18: =D17*(1+$F$25) -> 2976605.3 | E18: =E17*(1+$F$25) -> 7076177.9 | G18: 5 | H18: 0.022800279 | I18: =1/(1+H18) -> 0.97770799 | J18: =(1+H18) -> 1.0228003
A19: 2025 | B19: =B17*(1+$F$25)^2 -> 3774728.9 | C19: =C17*(1+$F$25)^2 -> 431836.41 | D19: =D17*(1+$F$25)^2 -> 3054290.2 | E19: =E17*(1+$F$25)^2 -> 7260855.4 | H19: =AVERAGE(H13:H18) -> 0.033416702 | J19: =(1+H19) -> 1.0334167
B21: Nominal GDP at 2025 with 2025 dollar value
A22: Year | B22: Flumevale | C22: Lyndrassia | D22: Navaldia | E22: Tarrodan
A23: 2025 | B23: =B19*PRODUCT($J$14:$J$19) -> 4671259.3 | C23: =C19*PRODUCT($J$14:$J$19) -> 534401.26 | D23: =D19*PRODUCT($J$14:$J$19) -> 3779710.3 | E23: =E19*PRODUCT($J$14:$J$19) -> 8985370.9
A25: average annual growth rate of real gdp over 2019 to 2023 | F25: =(E17/E13)^(1/4) - 1 -> 0.02609849
A27: Assumptions:
A28: Assume the inflation rate for calendar year 2025 is the historical average inflation rate over 2019 to 2024 which is 3.34%
A30: Explanatory Note:
A31: 1. Use given inflation rates to compute real gdp for 2020 to 2023 with 2019 to be the base year.
A32: 2. Compute average annual growth rate of real gdp over 2019 to 2023.
A33: 3. Use the average annual growth rate to compute the real gdp for 2024 and 2025 at 2019 dollar amount.
A34: 4. Convert the projected Real GDP at 2025 to Nominal GDP using the inflation rates from 2020 to 2025.

Sheet Sheet1
A1: Year | B1: Inflation | C1: Government of Tarrodan Overnight Rate | D1: 1-yr Risk Free Annual Spot Rate | E1: 10-yr Risk Free Annual Spot Rate
A2: 1962 | B2: 0.025895651 | C2: 0.030117912 | D2: 0.034343236 | E2: 0.044029758
A3: 1963 | B3: 0.0234377 | C3: 0.034292994 | D3: 0.03649228 | E3: 0.044035201
A4: 1964 | B4: 0.026045279 | C4: 0.039712865 | D4: 0.043816468 | E4: 0.047860422
A5: 1965 | B5: 0.029118224 | C5: 0.0442334 | D5: 0.045233982 | E5: 0.046856546
A6: 1966 | B6: 0.037086701 | C6: 0.05773807 | D6: 0.059491397 | E6: 0.056356212
A7: 1967 | B7: 0.02791027 | C7: 0.045640697 | D7: 0.053419959 | E7: 0.055168024
A8: 1968 | B8: 0.036321018 | C8: 0.064574072 | D8: 0.06517166 | E8: 0.064674284
A9: 1969 | B9: 0.031880524 | C9: 0.091020173 | D9: 0.080140118 | E9: 0.074707928
A10: 1970 | B10: 0.051172541 | C10: 0.080232241 | D10: 0.077629917 | E10: 0.082676283
A11: 1971 | B11: 0.049936366 | C11: 0.054563102 | D11: 0.057055012 | E11: 0.071177967
A12: 1972 | B12: 0.05420245 | C12: 0.052481271 | D12: 0.058430497 | E12: 0.073152147
A13: 1973 | B13: 0.077148729 | C13: 0.10164253 | D13: 0.086025518 | E13: 0.080317011
... A64: 2024 | B64: 0.022800279 | C64: 0.056196367 | D64: 0.051066367 | E64: 0.045146367
